symbol,name,trade,pricechange,changepercent,buy,sell,settlement,open,high,low,volume,amount,code,ticktime
sh000001,上证指数,3570.1082,-6.096,-0.170,0,0,3576.2046,3577.6923,3588.0625,3544.8912,345557896,502170815614,000001,15:02:14
sh000002,Ａ股指数,3742.2304,-6.444,-0.172,0,0,3748.6745,3750.2378,3761.1314,3715.7747,345176653,501669595270,000002,15:02:14
sh000003,Ｂ股指数,248.1356,1.854,0.753,0,0,246.2814,246.2196,248.1356,245.7220,335983,138074825,000003,15:02:14
sh000004,工业指数,3212.2268,-9.634,-0.299,0,0,3221.8612,3226.0645,3238.7501,3184.4707,220597260,350360309517,000004,15:02:14
sh000005,商业指数,3220.3821,-0.821,-0.025,0,0,3221.2027,3215.8707,3245.6898,3208.2506,23443345,34781132952,000005,15:02:14
sh000006,地产指数,6141.7618,52.203,0.857,0,0,6089.5590,6079.5926,6160.9337,6063.8016,5407116,3975294741,000006,15:02:14
sh000007,公用指数,4279.0897,11.396,0.267,0,0,4267.6937,4255.0238,4289.6859,4231.9864,26506596,16045467965,000007,15:02:14
sh000008,综合指数,3069.4175,-3.310,-0.108,0,0,3072.7279,3072.8587,3087.2329,3049.5796,69603579,97008610439,000008,15:02:14
sh000009,上证380,5932.2066,0.251,0.004,0,0,5931.9557,5925.8665,5968.7142,5882.7154,78623498,107136076054,000009,15:02:14
sh000010,上证180,11143.7269,-43.260,-0.387,0,0,11186.9873,11204.9443,11251.1053,11041.4397,120511988,251189896664,000010,15:02:14
sh000011,基金指数,7669.4789,-9.161,-0.119,0,0,7678.6403,7685.4917,7698.4590,7629.7920,201825805,66261332066,000011,15:02:14
sh000012,国债指数,184.0257,0.034,0.019,0,0,183.9913,184.0075,184.0285,183.9872,228372,219334980,000012,15:02:14
sh000013,企债指数,0.0000,0.000,0.000,0,0,0.0000,0.0000,0.0000,0.0000,0,0,000013,
sh000015,红利指数,2578.9444,10.190,0.397,0,0,2568.7542,2565.4337,2587.5304,2551.3926,28855989,27610136635,000015,15:02:14
sh000016,上证50,3788.3191,-19.750,-0.519,0,0,3808.0695,3815.5680,3833.8627,3752.0850,41585644,129477191760,000016,15:02:14
sh000017,新综指,3017.5161,-5.203,-0.172,0,0,3022.7195,3023.9818,3032.7675,2996.1812,327805337,465248122387,000017,15:02:14
sh000018,180金融,5725.7524,4.821,0.084,0,0,5720.9313,5729.3040,5781.9479,5686.6926,39600448,58675579852,000018,15:02:14
sh000019,治理指数,1173.7787,3.639,0.311,0,0,1170.1394,1170.7793,1174.7667,1163.8204,122880945,151565774087,000019,15:02:14
sh000020,中型综指,1335.3498,-4.814,-0.359,0,0,1340.1638,1338.9477,1346.6345,1325.1371,32126595,50568714396,000020,15:02:14
sh000021,180治理,1102.2250,4.057,0.369,0,0,1098.1681,1099.1661,1103.6762,1092.2782,81286340,120736343730,000021,15:02:14
sh000022,沪公司债,211.7333,0.028,0.013,0,0,211.7050,211.7293,211.7361,211.7209,547699,538941601,000022,15:02:14
sh000025,180基建,1547.9625,5.359,0.347,0,0,1542.6034,1542.1508,1554.3518,1535.2378,12992529,8842274586,000025,15:02:14
sh000026,180资源,2933.4058,27.183,0.935,0,0,2906.2230,2930.8790,2937.2465,2839.6263,22094544,24595495523,000026,15:02:14
sh000027,180运输,905.8895,6.332,0.704,0,0,899.5576,899.3504,908.2633,896.2571,3090961,3420033394,000027,15:02:14
sh000028,180成长,5833.6372,-40.979,-0.698,0,0,5874.6163,5888.8851,5933.4247,5776.1903,28606973,121689515999,000028,15:02:14
sh000029,180价值,4103.3847,30.258,0.743,0,0,4073.1265,4081.3834,4107.7508,4065.6764,50699494,64305563503,000029,15:02:14
sh000030,180R成长,3557.0007,-35.173,-0.979,0,0,3592.1741,3598.0259,3618.3783,3522.0794,80434402,214862755525,000030,15:02:14
sh000031,180R价值,3113.9962,14.191,0.458,0,0,3099.8057,3104.8445,3118.5368,3086.1552,102526923,157478803029,000031,15:02:14
sh000032,上证能源,1143.3608,6.245,0.549,0,0,1137.1156,1140.4366,1149.9209,1132.0712,13817421,8211723092,000032,15:02:14
sh000033,上证材料,2794.1208,18.584,0.670,0,0,2775.5371,2790.1215,2796.3257,2730.4862,47993299,53941545990,000033,15:02:14
sh000034,上证工业,2860.9093,-14.597,-0.508,0,0,2875.5058,2881.4469,2896.9393,2830.6321,30087802,56751094967,000034,15:02:14
sh000035,上证可选,3940.6193,17.419,0.444,0,0,3923.2003,3937.3746,3983.2875,3899.8868,16195668,32618556298,000035,15:02:14
sh000036,上证消费,21178.0259,-506.664,-2.337,0,0,21684.6901,21678.9590,21886.8669,20996.3926,7996803,44447450556,000036,15:02:14
sh000037,上证医药,10483.6737,0.422,0.004,0,0,10483.2514,10481.1481,10622.0972,10379.3619,4426484,21867372635,000037,15:02:14
sh000038,上证金融,5519.5503,20.090,0.365,0,0,5499.4600,5511.3406,5568.1894,5473.9700,25176288,45457872935,000038,15:02:14
sh000039,上证信息,4884.2434,53.936,1.117,0,0,4830.3072,4825.6964,4896.3855,4804.9659,8385541,34777652750,000039,15:02:14
sh000040,上证电信,2968.1468,23.889,0.811,0,0,2944.2581,2927.2941,2991.7860,2915.5054,6607810,9300316503,000040,15:02:14
sh000041,上证公用,1857.4502,7.122,0.385,0,0,1850.3280,1850.1005,1861.6271,1840.4424,10044413,6410582463,000041,15:02:14
sh000042,上证央企,1686.8695,-3.461,-0.205,0,0,1690.3302,1692.0365,1700.4662,1673.5713,43022119,60149654168,000042,15:02:14
sh000043,超大盘,2988.6203,-0.372,-0.012,0,0,2988.9922,2991.4844,3004.6221,2967.9638,23986953,79648517328,000043,15:02:14
sh000044,上证中盘,4407.7725,-6.863,-0.155,0,0,4414.6354,4418.9055,4433.8531,4369.6863,78926345,121712704904,000044,15:02:14
sh000045,上证小盘,4784.6783,6.310,0.132,0,0,4778.3683,4770.3668,4804.5010,4738.0914,105775684,118407855359,000045,15:02:14
sh000046,上证中小,4635.0804,-1.530,-0.033,0,0,4636.6109,4635.8790,4654.6536,4595.3293,184702029,240120560263,000046,15:02:14
sh000047,上证全指,4151.3265,-11.514,-0.277,0,0,4162.8400,4166.6237,4181.9467,4115.4088,226287673,369597752023,000047,15:02:14
sh000048,责任指数,1662.7591,6.643,0.401,0,0,1656.1161,1657.5929,1668.5219,1647.7137,37562237,79119837182,000048,15:02:14
sh000049,上证民企,3133.0687,-14.511,-0.461,0,0,3147.5792,3158.3175,3174.3983,3098.1147,31329623,90739760526,000049,15:02:14
sh000050,50等权,2858.3056,0.557,0.019,0,0,2857.7486,2859.3997,2869.0901,2835.8389,41585644,129477191760,000050,15:02:14
sh000051,180等权,10330.6477,0.474,0.005,0,0,10330.1741,10332.4263,10367.9985,10251.2598,120511988,251189896664,000051,15:02:14
sh000052,50基本,3110.7979,20.157,0.652,0,0,3090.6412,3098.0859,3121.4758,3084.9663,41585644,129477191760,000052,15:02:14
sh000053,180基本,11384.6277,56.662,0.500,0,0,11327.9657,11342.4667,11400.4909,11296.3994,120511988,251189896664,000053,15:02:14
sh000054,上证海外,1502.3906,6.201,0.414,0,0,1496.1897,1499.5460,1509.0667,1487.0912,54369658,78734441784,000054,15:02:14
sh000055,上证地企,1580.0883,-5.044,-0.318,0,0,1585.1324,1587.3138,1593.9593,1566.7067,31067673,71107005378,000055,15:02:14
sh000056,上证国企,1279.9512,-4.028,-0.314,0,0,1283.9788,1285.5721,1289.6962,1269.3789,74089792,131256659546,000056,15:02:14
sh000057,全指成长,6169.9494,-51.256,-0.824,0,0,6221.2051,6225.8785,6267.3753,6112.9937,47233612,166387608356,000057,15:02:14
sh000058,全指价值,4164.5675,28.887,0.698,0,0,4135.6802,4139.9802,4166.0825,4128.3820,98064208,97952975688,000058,15:02:14
sh000059,全R成长,4468.3118,-39.961,-0.886,0,0,4508.2727,4511.0948,4534.6241,4427.0302,150360121,310020269348,000059,15:02:14
sh000060,全R价值,3766.1240,18.006,0.480,0,0,3748.1182,3752.8414,3766.1240,3735.8638,201190716,241585636680,000060,15:02:14
sh000061,沪企债30,154.9542,-0.023,-0.015,0,0,154.9770,154.9911,154.9911,154.7966,3921,3376570,000061,15:02:14
sh000062,上证沪企,2163.3002,24.723,1.156,0,0,2138.5775,2142.6887,2163.3002,2134.0933,21877959,32808574247,000062,15:02:14
sh000063,上证周期,3701.1294,8.099,0.219,0,0,3693.0299,3707.1835,3721.4340,3667.4905,53182441,91492036257,000063,15:02:14
sh000064,非周期,4587.8185,-37.338,-0.807,0,0,4625.1566,4624.7281,4652.4025,4543.8090,47663827,144995149578,000064,15:02:14
sh000065,上证龙头,4041.5115,38.866,0.971,0,0,4002.6452,4003.8866,4044.2391,3995.4652,51923080,136117170576,000065,15:02:14
sh000066,上证商品,2174.7024,-6.985,-0.320,0,0,2181.6873,2188.9860,2189.1216,2131.0795,47978497,50040002744,000066,15:02:14
sh000067,上证新兴,9952.9431,108.140,1.098,0,0,9844.8030,9852.9548,9955.6785,9791.9437,37251807,106298432134,000067,15:02:14
sh000068,上证资源,2135.0473,1.890,0.089,0,0,2133.1578,2144.1426,2144.7868,2080.1375,44316859,39617978420,000068,15:02:14
sh000069,消费80,8650.6981,-110.818,-1.265,0,0,8761.5156,8767.7637,8840.3397,8568.7458,18791979,86531514497,000069,15:02:14
sh000070,能源等权,1739.0683,-13.354,-0.762,0,0,1752.4227,1749.8382,1762.1173,1725.2763,13817421,8211723092,000070,15:02:14
sh000071,材料等权,3495.7258,8.908,0.255,0,0,3486.8174,3495.6932,3498.4127,3424.3082,47993299,53941545990,000071,15:02:14
sh000072,工业等权,3331.6670,-17.556,-0.524,0,0,3349.2226,3346.6248,3361.2058,3297.9826,30087802,56751094967,000072,15:02:14
sh000073,可选等权,3539.3251,11.610,0.329,0,0,3527.7149,3535.1210,3572.3300,3505.2983,16195668,32618556298,000073,15:02:14
sh000074,消费等权,13699.7374,-329.738,-2.350,0,0,14029.4756,14032.9665,14158.8801,13605.0631,7996803,44447450556,000074,15:02:14
sh000075,医药等权,11098.8282,40.230,0.364,0,0,11058.5982,11017.6923,11161.6619,11014.5543,4426484,21867372635,000075,15:02:14
sh000076,金融等权,4984.7676,-5.125,-0.103,0,0,4989.8930,4987.6614,5025.1997,4957.6066,25176288,45457872935,000076,15:02:14
sh000077,信息等权,5369.2681,48.924,0.920,0,0,5320.3439,5312.3411,5396.2436,5305.0801,8385541,34777652750,000077,15:02:14
sh000078,电信等权,2492.2607,25.945,1.052,0,0,2466.3161,2459.9220,2522.3280,2454.0686,6607810,9300316503,000078,15:02:14
sh000079,公用等权,1939.1599,-5.626,-0.289,0,0,1944.7855,1937.3497,1947.9147,1917.4500,10044413,6410582463,000079,15:02:14
sh000090,上证流通,1410.3135,-3.808,-0.269,0,0,1414.1212,1414.9821,1419.2962,1399.1782,327805337,465248122387,000090,15:02:14
sh000091,沪财中小,9703.3257,-52.212,-0.535,0,0,9755.5373,9728.5284,9764.7312,9588.9108,26676285,34567234183,000091,15:02:14
sh000092,资源50,3237.6670,12.195,0.378,0,0,3225.4721,3245.2299,3248.1018,3164.0712,48692529,52120003301,000092,15:02:14
sh000093,180分层,12773.8929,44.522,0.350,0,0,12729.3706,12746.8454,12802.5413,12658.3144,120511988,251189896664,000093,15:02:14
sh000094,上证上游,2376.3353,11.605,0.491,0,0,2364.7308,2382.1538,2384.8416,2311.9658,42650407,37852511173,000094,15:02:14
sh000095,上证中游,3672.1382,2.431,0.066,0,0,3669.7076,3674.6167,3688.9987,3628.0154,77976941,139455308455,000095,15:02:14
sh000096,上证下游,6672.7282,-69.047,-1.024,0,0,6741.7755,6740.2425,6783.0593,6614.9850,46676555,119314302017,000096,15:02:14
sh000097,高端装备,9965.5184,-158.835,-1.569,0,0,10124.3535,10104.5303,10139.4802,9846.0191,24514753,61582035596,000097,15:02:14
sh000098,上证F200,4609.6385,31.116,0.680,0,0,4578.5223,4584.8032,4609.6385,4570.8049,138837297,207339428728,000098,15:02:14
sh000099,上证F300,7508.4153,-13.192,-0.175,0,0,7521.6069,7518.1505,7544.3548,7431.5978,89979060,121188794913,000099,15:02:14
sh000100,上证F500,5186.1078,28.148,0.546,0,0,5157.9597,5163.5562,5188.3873,5141.4791,228816357,328528223641,000100,15:02:14
sh000101,5年信用,209.9567,0.056,0.027,0,0,209.9005,209.9211,209.9927,209.9211,107357,109544961,000101,15:02:14
sh000102,沪投资品,6038.3072,-42.286,-0.695,0,0,6080.5934,6113.9796,6125.0437,5924.8403,49600308,73186682613,000102,15:02:14
sh000103,沪消费品,14432.3267,-106.612,-0.733,0,0,14538.9390,14527.8666,14655.7981,14308.8533,10403078,55709646363,000103,15:02:14
sh000104,380能源,923.6506,-4.487,-0.483,0,0,928.1380,925.5876,933.0242,913.9737,4529715,2842915353,000104,15:02:14
sh000105,380材料,4578.3495,-28.085,-0.610,0,0,4606.4342,4608.2117,4608.5360,4508.8775,20672753,19389400942,000105,15:02:14
sh000106,380工业,5658.3149,5.826,0.103,0,0,5652.4891,5647.9413,5664.5380,5575.6397,22865779,29348020324,000106,15:02:14
sh000107,380可选,5818.0162,29.111,0.503,0,0,5788.9055,5794.9261,5878.9423,5759.5742,7397748,12045191045,000107,15:02:14
sh000108,380消费,17176.3358,-131.472,-0.760,0,0,17307.8079,17293.3277,17478.3436,17066.1099,4232094,11163117477,000108,15:02:14
sh000109,380医药,14786.8377,-29.806,-0.201,0,0,14816.6441,14767.2351,14910.7014,14684.3971,2801797,9489559440,000109,15:02:14
sh000110,380金融,3068.7058,8.465,0.277,0,0,3060.2412,3057.2214,3087.4553,3033.1147,5493172,4155833265,000110,15:02:14
sh000111,380信息,8576.8607,25.779,0.301,0,0,8551.0820,8523.1956,8675.8098,8522.0984,3574329,13178247851,000111,15:02:14
sh000112,380电信,5362.6803,27.330,0.512,0,0,5335.3501,5321.2436,5478.0951,5312.1795,741223,1820392231,000112,15:02:14
sh000113,380公用,1944.2391,17.262,0.896,0,0,1926.9772,1928.1450,1949.6867,1915.2736,6314888,3703398126,000113,15:02:14
sh000114,持续产业,1549.1753,-7.610,-0.489,0,0,1556.7855,1568.9171,1570.7775,1523.6786,16890402,30894070793,000114,15:02:14
sh000115,380等权,7429.5316,-6.950,-0.093,0,0,7436.4814,7424.8262,7476.1942,7365.1149,78623498,107136076054,000115,15:02:14
sh000116,信用100,185.5823,0.109,0.059,0,0,185.4734,185.4926,185.5917,185.4688,364337,353776060,000116,15:02:14
sh000117,380成长,6222.0244,-10.506,-0.169,0,0,6232.5307,6230.4980,6274.2369,6180.4371,14455188,33191966591,000117,15:02:14
sh000118,380价值,7210.6793,28.543,0.397,0,0,7182.1359,7165.1843,7241.9572,7121.8869,36141277,26154128963,000118,15:02:14
sh000119,380R成长,5354.9227,-9.685,-0.181,0,0,5364.6077,5362.1881,5396.1603,5316.7075,49312469,88809162415,000119,15:02:14
sh000120,380R价值,6580.1599,13.534,0.206,0,0,6566.6254,6555.7558,6610.2530,6510.5346,70998558,81771324787,000120,15:02:14
sh000121,医药主题,12961.9519,56.012,0.434,0,0,12905.9397,12872.4797,13013.7864,12870.3401,5551002,23696744844,000121,15:02:14
sh000122,农业主题,2144.4643,-50.965,-2.321,0,0,2195.4293,2187.7324,2190.2488,2128.6678,11806708,22624040232,000122,15:02:14
sh000123,180动态,9124.8866,-80.258,-0.872,0,0,9205.1449,9216.6600,9235.6951,9024.1266,53076295,134133119962,000123,15:02:14
sh000125,180稳定,13149.3057,-17.221,-0.131,0,0,13166.5271,13190.1215,13261.0348,13041.4374,67435693,117056776702,000125,15:02:14
sh000126,消费50,14151.3007,-208.975,-1.455,0,0,14360.2756,14377.4360,14459.5702,14015.2808,17465329,68225131174,000126,15:02:14
sh000128,380基本,6459.1698,32.378,0.504,0,0,6426.7922,6416.7191,6480.7657,6379.6515,78623498,107136076054,000128,15:02:14
sh000129,180波动,13485.4004,22.000,0.163,0,0,13463.4005,13461.3751,13510.4636,13395.8194,77470201,128640420299,000129,15:02:14
sh000130,380波动,9301.9935,67.506,0.731,0,0,9234.4876,9220.7007,9326.9380,9161.7988,26298707,15822078409,000130,15:02:14
sh000131,上证高新,2323.2792,-13.974,-0.598,0,0,2337.2533,2336.5669,2353.4172,2302.6593,6628597,15361977679,000131,15:02:14
sh000132,上证100,7107.8400,-38.064,-0.533,0,0,7145.9040,7144.6577,7187.1877,7047.5931,14417646,27060806754,000132,15:02:14
sh000133,上证150,4481.6592,-29.506,-0.654,0,0,4511.1654,4501.8914,4511.5687,4418.1750,10112496,12359803727,000133,15:02:14
sh000134,上证银行,819.8147,3.862,0.473,0,0,815.9531,817.5731,824.2824,813.2128,20804354,18240915663,000134,15:02:14
sh000135,180高贝,7952.5621,-44.996,-0.563,0,0,7997.5581,7996.0164,8003.3944,7891.5013,44874225,95440386552,000135,15:02:14
sh000136,180低贝,10633.3837,-5.940,-0.056,0,0,10639.3233,10631.6594,10680.6098,10574.3149,45660323,44316799543,000136,15:02:14
sh000137,380高贝,5046.1575,-23.930,-0.472,0,0,5070.0872,5071.2498,5093.4402,5015.1429,18023429,33692484452,000137,15:02:14
sh000138,380低贝,5831.5442,18.695,0.322,0,0,5812.8490,5808.1747,5856.0951,5769.2582,20268856,18242342289,000138,15:02:14
sh000139,上证转债,333.3393,0.308,0.092,0,0,333.0315,333.4307,333.9926,332.2236,12290043,17689231816,000139,15:02:14
sh000141,380动态,4038.3931,-20.188,-0.497,0,0,4058.5813,4052.5265,4069.3317,4014.6040,38107302,67481393832,000141,15:02:14
sh000142,380稳定,7950.8775,39.981,0.505,0,0,7910.8965,7906.4536,7988.2593,7859.2432,40516196,39654682222,000142,15:02:14
sh000145,优势资源,4101.8528,4.897,0.120,0,0,4096.9557,4120.2279,4122.4086,3983.1351,39223952,36392036338,000145,15:02:14
sh000146,优势制造,9427.9113,-158.359,-1.652,0,0,9586.2698,9589.1468,9652.1257,9290.6260,25612460,62387760132,000146,15:02:14
sh000147,优势消费,11839.9169,-167.803,-1.397,0,0,12007.7194,11994.5307,12104.8720,11742.2252,9469336,55941125927,000147,15:02:14
sh000148,消费领先,12581.6609,-80.886,-0.639,0,0,12662.5468,12660.6128,12757.2536,12470.0374,38083647,122200695640,000148,15:02:14
sh000149,180红利,3349.4836,35.689,1.077,0,0,3313.7950,3315.1563,3349.4836,3305.8592,26612957,27287999779,000149,15:02:14
sh000150,380红利,8205.9933,9.655,0.118,0,0,8196.3387,8170.2947,8255.2986,8131.2383,4764008,4151961566,000150,15:02:14
sh000151,上国红利,1096.4051,6.485,0.595,0,0,1089.9206,1088.8158,1097.7246,1083.4064,22816297,18908338171,000151,15:02:14
sh000152,上央红利,1831.4281,10.582,0.581,0,0,1820.8465,1821.5100,1831.4281,1812.7021,24654937,21751823297,000152,15:02:14
sh000153,上民红利,2548.8493,5.945,0.234,0,0,2542.9039,2538.5722,2564.5500,2510.6631,7301484,11276233197,000153,15:02:14
sh000155,市值百强,3750.8218,-15.030,-0.399,0,0,3765.8515,3771.9561,3787.9668,3715.3056,84190202,198977784582,000155,15:02:14
sh000158,上证环保,1743.6324,-26.716,-1.509,0,0,1770.3482,1775.3121,1775.3121,1723.3130,17733772,39703973430,000158,15:02:14
sh000159,沪股通,3889.7295,-10.184,-0.261,0,0,3899.9130,3903.4681,3918.2080,3856.4495,215116238,373701316020,000159,15:02:14
sh000160,沪新丝路,1728.7797,6.690,0.388,0,0,1722.0894,1721.8600,1728.7797,1709.0551,46415329,48926721620,000160,15:02:14
sh000161,沪中国造,2153.6176,-22.097,-1.016,0,0,2175.7151,2171.1529,2171.9704,2136.0694,63192541,119035950587,000161,15:02:14
sh000162,沪互联+,3249.5437,-1.155,-0.036,0,0,3250.6987,3245.6931,3271.2592,3218.1225,18963970,53734332346,000162,15:02:14
sh000170,50AH优选,6869.1563,-18.218,-0.265,0,0,6887.3741,6915.3848,6942.1526,6814.9910,28545414,90672168558,000170,15:29:57
sh000171,新兴成指,0.0000,0.000,0.000,0,0,0.0000,0.0000,0.0000,0.0000,0,0,000171,
sh000188,中国波指,0.0000,0.000,0.000,0,0,0.0000,0.0000,0.0000,0.0000,0,0,000188,
sh000300,沪深300,5495.4306,-18.226,-0.331,0,0,5513.6568,5526.2876,5547.4733,5442.6939,204324956,473567653979,000300,15:02:14
sh000688,科创50,1378.7397,-3.202,-0.232,0,0,1381.9421,1382.1486,1385.1151,1366.1829,5424099,35318626639,000688,15:02:14
sh000802,500沪市,6715.5017,1.945,0.029,0,0,6713.5571,6719.8071,6762.2220,6661.3680,78755559,90458413264,000802,15:02:14
sh000805,A股资源,4043.0963,-3.223,-0.080,0,0,4046.3190,4062.6356,4064.2583,3939.0695,49887302,50838364070,000805,15:02:14
sh000806,消费服务,0.0000,0.000,0.000,0,0,0.0000,0.0000,0.0000,0.0000,0,0,000806,
sh000807,食品饮料,0.0000,0.000,0.000,0,0,0.0000,0.0000,0.0000,0.0000,0,0,000807,
sh000808,医药生物,16514.9629,15.705,0.095,0,0,16499.2580,16534.4441,16730.3329,16357.5175,14450882,70529707363,000808,15:02:14
sh000816,细分地产,0.0000,0.000,0.000,0,0,0.0000,0.0000,0.0000,0.0000,0,0,000816,
sh000819,有色金属,5731.4053,-20.704,-0.360,0,0,5752.1093,5797.2301,5799.3058,5511.7615,51938875,58014866950,000819,15:02:14
sh000821,300红利,0.0000,0.000,0.000,0,0,0.0000,0.0000,0.0000,0.0000,0,0,000821,
sh000823,800有色,5847.0549,-1.126,-0.019,0,0,5848.1806,5903.9834,5909.7512,5603.6080,39305980,42372049961,000823,15:04:02
sh000827,中证环保,2111.0552,-35.690,-1.663,0,0,2146.7451,2164.4766,2164.7584,2074.7932,49845656,103433837013,000827,15:02:14
sh000828,300高贝,3754.4131,-7.456,-0.198,0,0,3761.8693,3770.3066,3773.9069,3722.2007,85636746,213288729319,000828,15:02:14
sh000832,中证转债,0.0000,0.000,0.000,0,0,0.0000,0.0000,0.0000,0.0000,0,0,000832,
sh000833,中高企债,0.0000,0.000,0.000,0,0,0.0000,0.0000,0.0000,0.0000,0,0,000833,
sh000841,800医药,15157.8960,41.362,0.274,0,0,15116.5343,15147.3171,15340.8083,15020.7110,10554277,44610580539,000841,15:02:14
sh000842,800等权,6508.8394,25.698,0.396,0,0,6483.1410,6484.2948,6536.4840,6439.1506,385162386,680681481922,000842,15:02:14
sh000846,ESG 100,0.0000,0.000,0.000,0,0,0.0000,0.0000,0.0000,0.0000,0,0,000846,
sh000847,腾讯济安,2709.0943,8.604,0.319,0,0,2700.4899,2696.1670,2719.6137,2669.3840,26325595,35260703081,000847,15:04:02
sh000849,300非银,12142.4435,-64.824,-0.531,0,0,12207.2671,12204.1699,12305.8975,12063.5377,29335907,61043958961,000849,15:04:02
sh000851,百发100,20018.1375,2.978,0.015,0,0,20015.1600,20013.1354,20142.9004,19837.5317,52051307,197054469542,000851,15:04:02
sh000852,中证1000,6585.3587,-31.194,-0.471,0,0,6616.5524,6603.5050,6638.8596,6514.1803,161815950,208803739651,000852,15:02:14
sh000853,CSSW丝路,2138.5715,-5.458,-0.255,0,0,2144.0292,2152.3462,2165.0639,2114.7493,42308086,112532494297,000853,15:04:02
sh000854,500原料,4844.7471,20.456,0.424,0,0,4824.2913,4837.2526,4844.7844,4737.6270,45331860,41128965799,000854,15:04:02
sh000855,央视500,1808.3950,-3.895,-0.215,0,0,1812.2897,1817.1855,1823.9857,1790.0101,270416644,604679110086,000855,15:04:02
sh000856,500工业,6059.2166,-45.035,-0.738,0,0,6104.2520,6106.7785,6112.1967,5972.2357,44437752,59760139669,000856,15:04:02
sh000857,500医药,15195.6953,157.862,1.050,0,0,15037.8333,14991.6946,15315.7058,14986.5634,7030304,16612007542,000857,15:04:02
sh000858,500信息,7853.2711,144.178,1.870,0,0,7709.0932,7712.1013,7932.4523,7708.8446,17386208,26655163309,000858,15:04:02
sh000860,结构调整,1162.5715,0.336,0.029,0,0,1162.2358,1162.1957,1168.9288,1153.3831,53220521,85789191807,000860,15:04:02
sh000865,上海国企,1548.7824,33.598,2.217,0,0,1515.1845,1518.2088,1549.7377,1513.0214,14490947,20758254313,000865,15:04:01
sh000867,港中小企,3451.2996,37.422,1.096,0,0,3413.8777,3435.3815,3460.2492,3413.7114,29851797,20361532909,000867,15:29:57
sh000869,HK银行,2805.5978,28.283,1.018,0,0,2777.3149,2784.6814,2810.9406,2750.0974,10388859,7459304165,000869,15:29:57
sh000891,新兴综指,1749.9181,-0.493,-0.028,0,0,1750.4107,1755.1695,1761.0786,1729.9154,293652936,553334609754,000891,15:04:02
sh000901,小康指数,5810.1056,74.694,1.302,0,0,5735.4120,5745.0506,5810.1056,5726.4280,83009589,144368191143,000901,15:02:14
sh000903,中证100,5652.0757,-31.896,-0.561,0,0,5683.9714,5699.8812,5724.2559,5595.6097,95270484,256628394267,000903,15:02:14
sh000904,中证200,5793.1348,8.643,0.149,0,0,5784.4916,5791.6234,5810.5641,5716.9578,109054473,216939259711,000904,15:02:14
sh000905,中证500,6557.5964,19.480,0.298,0,0,6538.1162,6541.5576,6598.3812,6484.3979,180837429,207113827944,000905,15:02:14
sh000906,中证800,5645.7537,-10.940,-0.193,0,0,5656.6935,5667.4737,5687.8599,5593.8411,385162386,680681481922,000906,15:02:14
sh000908,300能源,0.0000,0.000,0.000,0,0,0.0000,0.0000,0.0000,0.0000,0,0,000908,
sh000909,300材料,0.0000,0.000,0.000,0,0,0.0000,0.0000,0.0000,0.0000,0,0,000909,
sh000910,300工业,0.0000,0.000,0.000,0,0,0.0000,0.0000,0.0000,0.0000,0,0,000910,
sh000911,300可选,0.0000,0.000,0.000,0,0,0.0000,0.0000,0.0000,0.0000,0,0,000911,
sh000912,300消费,0.0000,0.000,0.000,0,0,0.0000,0.0000,0.0000,0.0000,0,0,000912,
sh000913,300医药,17863.1582,-29.087,-0.163,0,0,17892.2456,17942.7349,18167.9448,17667.3480,6214370,41286677562,000913,15:02:14
sh000914,300金融,7012.9942,7.160,0.102,0,0,7005.8342,7010.6788,7073.4914,6959.8757,56109123,89869473509,000914,15:02:14
sh000917,300公用,0.0000,0.000,0.000,0,0,0.0000,0.0000,0.0000,0.0000,0,0,000917,
sh000918,300成长,7819.4765,-68.996,-0.875,0,0,7888.4723,7910.9428,7946.0345,7737.7698,45210770,207526473859,000918,15:02:14
sh000919,300价值,0.0000,0.000,0.000,0,0,0.0000,0.0000,0.0000,0.0000,0,0,000919,
sh000922,中证红利,0.0000,0.000,0.000,0,0,0.0000,0.0000,0.0000,0.0000,0,0,000922,
sh000925,基本面50,0.0000,0.000,0.000,0,0,0.0000,0.0000,0.0000,0.0000,0,0,000925,
sh000928,中证能源,1623.9564,15.356,0.955,0,0,1608.6007,1618.7327,1630.0697,1608.2916,11066846,7745866678,000928,15:02:14
sh000931,中证可选,0.0000,0.000,0.000,0,0,0.0000,0.0000,0.0000,0.0000,0,0,000931,
sh000932,中证消费,29759.5583,-849.637,-2.776,0,0,30609.1954,30615.2463,30754.1821,29485.8736,20080667,84626982208,000932,15:02:14
sh000933,中证医药,15803.1989,35.909,0.228,0,0,15767.2901,15790.1575,15977.7763,15653.5330,13244674,57898685118,000933,15:02:14
sh000934,中证金融,6640.9616,6.089,0.092,0,0,6634.8723,6637.5097,6695.3916,6594.2485,73121656,101075839735,000934,15:02:14
sh000935,中证信息,5990.0103,86.778,1.470,0,0,5903.2322,5920.7393,6009.0402,5915.3565,50159877,109654677842,000935,15:02:14
sh000939,民企200,0.0000,0.000,0.000,0,0,0.0000,0.0000,0.0000,0.0000,0,0,000939,
sh000940,财富大盘,0.0000,0.000,0.000,0,0,0.0000,0.0000,0.0000,0.0000,0,0,000940,
sh000944,内地资源,2954.3610,11.085,0.377,0,0,2943.2759,2970.2940,2973.5921,2854.9762,48661310,48738112340,000944,15:02:14
sh000950,300基建,0.0000,0.000,0.000,0,0,0.0000,0.0000,0.0000,0.0000,0,0,000950,
sh000951,300银行,0.0000,0.000,0.000,0,0,0.0000,0.0000,0.0000,0.0000,0,0,000951,
sh000952,300地产,0.0000,0.000,0.000,0,0,0.0000,0.0000,0.0000,0.0000,0,0,000952,
sh000957,300运输,0.0000,0.000,0.000,0,0,0.0000,0.0000,0.0000,0.0000,0,0,000957,
sh000958,创业成长,1871.1654,-7.655,-0.407,0,0,1878.8204,1889.5612,1889.6100,1847.0727,11864219,54664257578,000958,15:02:14
sh000959,银河99,0.0000,0.000,0.000,0,0,0.0000,0.0000,0.0000,0.0000,0,0,000959,
sh000961,中证上游,0.0000,0.000,0.000,0,0,0.0000,0.0000,0.0000,0.0000,0,0,000961,
sh000963,中证下游,0.0000,0.000,0.000,0,0,0.0000,0.0000,0.0000,0.0000,0,0,000963,
sh000964,中证新兴,0.0000,0.000,0.000,0,0,0.0000,0.0000,0.0000,0.0000,0,0,000964,
sh000966,基本400,7362.4450,-0.001,-0.000,0,0,7362.4458,7370.7845,7398.9365,7292.1422,156345872,261872230451,000966,15:02:14
sh000969,300非周,0.0000,0.000,0.000,0,0,0.0000,0.0000,0.0000,0.0000,0,0,000969,
sh000971,等权90,3936.6784,-4.062,-0.103,0,0,3940.7400,3955.1887,3967.2432,3899.1085,86073387,282849661513,000971,15:02:14
sh000974,800金融,6998.8017,-5.128,-0.073,0,0,7003.9294,7008.7544,7066.7152,6948.1504,61855414,90495899466,000974,15:04:02
sh000975,钱江30,0.0000,0.000,0.000,0,0,0.0000,0.0000,0.0000,0.0000,0,0,000975,
sh000977,内地低碳,0.0000,0.000,0.000,0,0,0.0000,0.0000,0.0000,0.0000,0,0,000977,
sh000978,医药100,0.0000,0.000,0.000,0,0,0.0000,0.0000,0.0000,0.0000,0,0,000978,
sh000979,大宗商品,0.0000,0.000,0.000,0,0,0.0000,0.0000,0.0000,0.0000,0,0,000979,
sh000982,500等权,7418.9056,34.880,0.472,0,0,7384.0260,7382.7173,7462.6067,7327.5599,180837429,207113827944,000982,15:02:14
sh000983,智能资产,0.0000,0.000,0.000,0,0,0.0000,0.0000,0.0000,0.0000,0,0,000983,
sh000984,300等权,5207.8786,14.451,0.278,0,0,5193.4278,5197.2200,5217.8775,5160.8982,204324956,473567653979,000984,15:02:14
sh000986,全指能源,1472.2098,2.243,0.153,0,0,1469.9672,1475.0004,1482.8098,1460.0680,19257814,11966996983,000986,15:02:14
sh000987,全指材料,3787.4733,-10.409,-0.274,0,0,3797.8827,3803.7397,3810.7145,3715.3380,123719811,140543768654,000987,15:02:14
sh000989,全指可选,6200.4960,24.882,0.403,0,0,6175.6135,6189.5082,6246.3317,6128.2692,80758390,106874644072,000989,15:02:14
sh000990,全指消费,25531.9069,-680.665,-2.597,0,0,26212.5715,26210.7725,26328.5552,25295.6644,38024865,115020455836,000990,15:02:14
sh000991,全指医药,15449.5745,3.809,0.025,0,0,15445.7653,15463.2062,15612.2738,15317.4997,26999584,85941889101,000991,15:02:14
sh000992,全指金融,6282.2825,6.096,0.097,0,0,6276.1867,6278.7272,6331.4319,6239.6326,82278764,108076296226,000992,15:02:14
sh000993,全指信息,7079.6504,90.128,1.289,0,0,6989.5221,6998.5813,7118.1723,6978.6408,88194579,164217915257,000993,15:02:14
sh000998,中证TMT,2368.3548,42.736,1.838,0,0,2325.6190,2327.4072,2382.3144,2327.4072,56323417,124714727698,000998,15:02:14
sz399001,深证成指,15319.291,-37.112,-0.242,0.000,0.000,15356.403,15402.742,15453.179,15162.706,42006272822,630105126981,399001,15:00:03
sz399002,深成指R,19015.322,-46.065,-0.242,0.000,0.000,19061.387,19118.906,19181.512,18820.957,20179399666,415957969209,399002,15:00:03
sz399003,成份Ｂ指,7510.165,-35.555,-0.471,0.000,0.000,7545.720,7541.257,7587.132,7471.979,40282866,153745553,399003,15:00:03
sz399004,深证100R,9778.873,-55.869,-0.568,0.000,0.000,9834.742,9877.765,9918.185,9664.505,6967755896,235007322128,399004,15:00:03
sz399005,中小板指,10318.909,-9.202,-0.089,0.000,0.000,10328.111,10391.592,10430.358,10213.710,17882066920,265210959883,399005,15:00:03
sz399006,创业板指,3150.780,-11.618,-0.367,0.000,0.000,3162.398,3179.365,3194.366,3115.992,11127174585,215418741249,399006,15:00:03
sz399007,深证300,6788.407,-17.739,-0.261,0.000,0.000,6806.146,6830.344,6855.543,6714.994,14977941184,355375078225,399007,15:00:03
sz399008,中小300,1841.706,-1.342,-0.073,0.000,0.000,1843.048,1850.503,1856.079,1822.057,10567056832,197650241011,399008,15:00:03
sz399009,深证200,5294.104,28.285,0.537,0.000,0.000,5265.819,5273.344,5325.235,5229.399,8010185288,120367756097,399009,15:00:03
sz399010,深证700,6882.881,-7.043,-0.102,0.000,0.000,6889.924,6877.546,6940.323,6773.306,13127876478,146061484052,399010,15:00:03
sz399011,深证1000,6932.293,-15.451,-0.222,0.000,0.000,6947.744,6963.467,6983.469,6866.039,28105817662,501436562277,399011,15:00:03
sz399012,创业300,4082.717,-8.282,-0.202,0.000,0.000,4090.999,4106.137,4122.361,4041.610,5544994910,150387997929,399012,15:00:03
sz399013,深市精选,6624.791,-29.155,-0.438,0.000,0.000,6653.946,6668.302,6689.251,6560.793,11833694998,279553637699,399013,15:00:03
sz399015,中小创新,2207.253,-2.293,-0.104,0.000,0.000,2209.546,2204.294,2224.891,2165.029,7926417996,85478593068,399015,15:00:03
sz399016,深证创新,4501.628,21.250,0.474,0.000,0.000,4480.378,4487.631,4534.590,4450.419,2703030458,111636195633,399016,15:00:03
sz399017,SME创新,3831.336,15.764,0.413,0.000,0.000,3815.572,3826.536,3847.875,3788.132,3364978385,86532400199,399017,15:00:03
sz399018,创业创新,4645.891,13.724,0.296,0.000,0.000,4632.167,4635.527,4700.150,4587.530,1341300512,61983521493,399018,15:00:03
sz399050,创新引擎,3668.217,35.371,0.974,0.000,0.000,3632.846,3665.446,3690.633,3625.753,2570068864,63698064052,399050,15:00:03
sz399088,深创100,5095.354,4.337,0.085,0.000,0.000,5091.017,5124.543,5152.669,5032.156,5536733869,177360112190,399088,15:00:03
sz399100,新 指 数,10954.042,-35.079,-0.319,0.000,0.000,10989.121,11005.106,11032.804,10858.077,40850527466,622748227494,399100,15:00:03
sz399101,中小板综,13298.025,-16.386,-0.123,0.000,0.000,13314.411,13348.988,13387.508,13165.006,17882066920,265210959883,399101,15:00:03
sz399102,创业板综,3177.346,-7.049,-0.221,0.000,0.000,3184.395,3193.610,3204.657,3146.552,11127174585,215418741249,399102,15:00:03
sz399103,乐富指数,8717.048,-17.555,-0.201,0.000,0.000,8734.603,8742.349,8773.409,8656.500,6839677334,11878483274,399103,15:00:03
sz399106,深证综指,2419.498,-7.159,-0.295,0.000,0.000,2426.657,2429.909,2436.387,2398.235,42006272822,630105126981,399106,15:00:03
sz399107,深证Ａ指,2531.971,-7.490,-0.295,0.000,0.000,2539.461,2542.871,2549.651,2509.690,41953500057,629918643127,399107,15:00:03
sz399108,深证Ｂ指,1106.290,-3.788,-0.341,0.000,0.000,1110.078,1109.675,1113.729,1101.233,52772765,186483853,399108,15:00:03
sz399231,农林指数,1817.218,-30.485,-1.650,0.000,0.000,1847.703,1854.257,1854.257,1796.130,700540745,12724560390,399231,15:00:03
sz399232,采矿指数,2075.289,-29.912,-1.421,0.000,0.000,2105.201,2102.680,2102.680,2039.098,634672857,5332788232,399232,15:00:03
sz399233,制造指数,3011.259,-16.489,-0.545,0.000,0.000,3027.748,3034.371,3042.932,2980.856,26727617285,469701601459,399233,15:00:03
sz399234,水电指数,770.412,-1.772,-0.229,0.000,0.000,772.184,764.775,776.775,753.607,1415948678,8648213491,399234,15:00:03
sz399235,建筑指数,1048.979,1.469,0.140,0.000,0.000,1047.510,1046.865,1055.468,1024.937,540978220,3249698316,399235,15:00:03
sz399236,批零指数,1412.711,11.493,0.820,0.000,0.000,1401.218,1396.417,1418.779,1383.325,1021941141,7564410660,399236,15:00:03
sz399237,运输指数,1457.497,-7.596,-0.518,0.000,0.000,1465.093,1479.175,1500.663,1433.928,353717195,6267644885,399237,15:00:03
sz399238,餐饮指数,896.949,-1.817,-0.202,0.000,0.000,898.766,897.204,902.494,870.633,25478825,108665577,399238,15:00:03
sz399239,IT指数,1776.301,44.225,2.553,0.000,0.000,1732.076,1732.318,1794.165,1727.126,3876117476,41052545129,399239,15:00:03
sz399240,金融指数,1469.932,-10.284,-0.695,0.000,0.000,1480.216,1477.525,1483.676,1455.356,2091666306,31498226134,399240,15:00:03
sz399241,地产指数,2422.465,31.978,1.338,0.000,0.000,2390.487,2391.522,2430.524,2376.007,1031815549,8235587991,399241,15:00:03
sz399242,商务指数,1316.363,26.375,2.045,0.000,0.000,1289.988,1304.381,1344.677,1303.266,955799789,7463078808,399242,15:00:03
sz399243,科研指数,2356.210,-31.134,-1.304,0.000,0.000,2387.344,2389.984,2416.144,2346.273,160387980,4808219865,399243,15:00:03
sz399244,公共指数,712.481,13.370,1.912,0.000,0.000,699.111,698.322,717.243,689.687,474235402,3194375988,399244,15:00:03
sz399248,文化指数,1003.480,26.978,2.763,0.000,0.000,976.502,967.748,1005.954,963.789,498028927,4225361192,399248,15:00:03
sz399249,综企指数,793.419,-14.611,-1.808,0.000,0.000,808.030,801.865,809.143,778.354,81985021,594143197,399249,15:00:03
sz399275,创医药,6518.619,33.285,0.513,0.000,0.000,6485.334,6500.546,6583.349,6432.580,585469800,28302035206,399275,15:00:03
sz399276,创科技,6936.142,-7.886,-0.114,0.000,0.000,6944.028,7007.632,7037.461,6850.344,1081880492,48162360069,399276,15:00:03
sz399277,公共健康,4154.435,87.867,2.161,0.000,0.000,4066.568,4088.764,4166.603,4086.798,1008766456,36102434145,399277,15:00:03
sz399278,长江100,2690.124,-31.411,-1.154,0.000,0.000,2721.535,2723.918,2732.605,2658.342,4763287801,137521640760,399278,15:00:03
sz399279,云科技50,3612.965,60.842,1.713,0.000,0.000,3552.123,3552.350,3647.855,3552.350,1931120107,47740246338,399279,15:00:03
sz399280,生物50,4868.692,44.931,0.931,0.000,0.000,4823.761,4846.813,4904.795,4817.504,641384016,27466558237,399280,15:00:03
sz399281,电子50,4031.506,40.645,1.018,0.000,0.000,3990.861,4008.620,4055.148,3987.816,2973444053,47427510732,399281,15:00:03
sz399282,大数据50,4696.143,101.624,2.212,0.000,0.000,4594.519,4576.640,4731.660,4575.639,1747729347,28014814388,399282,15:00:03
sz399283,机器人50,3609.199,4.303,0.119,0.000,0.000,3604.896,3611.965,3627.250,3555.463,635637652,13914455899,399283,15:00:03
sz399284,AI 50,3675.453,66.461,1.842,0.000,0.000,3608.992,3610.585,3702.259,3609.952,1347998912,31224340917,399284,15:00:03
sz399285,物联网50,4443.387,17.313,0.391,0.000,0.000,4426.074,4423.576,4469.750,4403.354,2212080716,51895619674,399285,15:00:03
sz399286,区块链50,3924.471,45.284,1.167,0.000,0.000,3879.187,3885.286,3945.111,3872.764,2144535259,34931828017,399286,15:00:03
sz399290,深转交债,147.117,-0.535,-0.362,0.000,0.000,147.652,147.950,148.104,146.450,75386024,12579316651,399290,15:00:03
sz399291,创精选88,3694.927,6.772,0.184,0.000,0.000,3688.155,3677.247,3739.613,3616.279,1210908767,21367966567,399291,15:00:03
sz399292,民企发展,1175.997,5.848,0.500,0.000,0.000,1170.149,1169.251,1181.360,1151.573,6336576773,49610372220,399292,15:00:03
sz399293,创业大盘,6143.846,-43.188,-0.698,0.000,0.000,6187.034,6228.437,6260.552,6072.275,1458538127,79836233995,399293,15:00:03
sz399294,中小创Q,4568.110,-24.869,-0.541,0.000,0.000,4592.979,4610.959,4635.905,4529.225,2498358530,65209625089,399294,15:00:03
sz399295,创业蓝筹,6691.185,-1.516,-0.023,0.000,0.000,6692.701,6708.071,6742.206,6623.084,929430969,38382684146,399295,15:00:03
sz399296,创成长,7033.552,-108.681,-1.522,0.000,0.000,7142.233,7181.839,7207.764,6946.375,1390205807,77091121652,399296,15:00:03
sz399297,新浪100,3394.541,21.893,0.649,0.000,0.000,3372.648,3364.710,3421.257,3306.126,1545783053,8178018273,399297,15:00:03
sz399298,深信中高,179.087,0.027,0.015,0.000,0.000,179.060,179.080,179.088,179.072,1165715,106239905,399298,15:00:03
sz399299,深信中低,199.637,0.064,0.032,0.000,0.000,199.573,199.603,199.683,199.574,767359,68023861,399299,15:00:03
sz399300,沪深300,5495.431,-18.226,-0.331,0.000,0.000,5513.657,5526.288,5547.473,5442.694,20432495600,473567653979,399300,15:00:39
sz399301,深信用债,182.245,0.028,0.015,0.000,0.000,182.217,182.238,182.246,182.228,1166225,106288405,399301,15:00:03
sz399302,深公司债,186.251,0.033,0.018,0.000,0.000,186.218,186.240,186.253,186.223,1166225,106288405,399302,15:00:03
sz399303,国证2000,7034.824,-21.287,-0.302,0.000,0.000,7056.111,7037.161,7090.275,6918.695,23539886226,235101941325,399303,15:01:54
sz399306,深证ETF,1764.148,-4.513,-0.255,0.000,0.000,1768.661,1770.190,1777.346,1750.631,5733830284,10431716453,399306,15:00:03
sz399307,深证转债,265.383,-1.088,-0.408,0.000,0.000,266.471,267.026,267.345,264.445,258389541,54166512112,399307,15:00:03
sz399310,国证A50,9515.093,-63.668,-0.665,0.000,0.000,9578.761,9620.910,9667.570,9405.279,5527548616,196745905103,399310,15:01:54
sz399311,国证1000,5349.632,-13.067,-0.244,0.000,0.000,5362.699,5373.346,5391.636,5300.293,43071233884,773809948733,399311,15:01:54
sz399312,国证300,6425.099,-23.058,-0.358,0.000,0.000,6448.157,6467.512,6495.184,6356.966,18042534554,498381737173,399312,15:01:54
sz399313,巨潮100,6637.108,-38.163,-0.572,0.000,0.000,6675.271,6696.974,6726.652,6569.778,9446779755,272742844953,399313,15:01:54
sz399314,巨潮大盘,5905.167,-26.441,-0.446,0.000,0.000,5931.608,5947.678,5971.800,5846.510,15608018883,396022692050,399314,15:01:54
sz399315,巨潮中盘,5061.704,6.867,0.136,0.000,0.000,5054.837,5061.232,5086.694,5012.342,11721575620,203602749366,399315,15:01:54
sz399316,巨潮小盘,5109.251,5.497,0.108,0.000,0.000,5103.754,5103.094,5138.661,5049.127,15741639381,174184507318,399316,15:01:54
sz399317,国证Ａ指,6023.690,-14.959,-0.248,0.000,0.000,6038.649,6045.118,6060.778,5973.671,73770440392,1084459804178,399317,15:01:54
sz399318,国证Ｂ指,4129.613,12.117,0.294,0.000,0.000,4117.496,4116.432,4129.613,4103.310,83953578,322102765,399318,15:01:54
sz399319,资源优势,1915.532,3.212,0.168,0.000,0.000,1912.320,1926.045,1927.616,1861.651,7248627558,62869474256,399319,15:01:54
sz399320,国证服务,2213.131,13.396,0.609,0.000,0.000,2199.735,2196.733,2213.131,2190.228,3646027850,31347359640,399320,15:01:54
sz399321,国证红利,8328.175,-41.186,-0.492,0.000,0.000,8369.361,8380.250,8410.962,8243.399,5202222985,118915548770,399321,15:01:54
sz399322,国证治理,12078.972,-111.869,-0.918,0.000,0.000,12190.841,12202.343,12269.325,11953.548,2810989070,101897159927,399322,15:01:54
sz399324,深证红利,14547.413,-182.605,-1.240,0.000,0.000,14730.018,14733.538,14783.786,14379.301,2994059683,79506835056,399324,15:00:03
sz399326,成长40,8101.180,26.781,0.332,0.000,0.000,8074.399,8152.613,8186.499,8003.519,1025872414,43760226816,399326,15:00:03
sz399328,深证治理,15680.364,-196.760,-1.239,0.000,0.000,15877.124,15903.782,15983.382,15495.562,1569477125,77169128921,399328,15:00:03
sz399330,深证100,7515.734,-42.939,-0.568,0.000,0.000,7558.673,7591.739,7622.804,7427.834,6967755896,235007322128,399330,15:00:03
sz399333,中小板R,11719.854,-10.452,-0.089,0.000,0.000,11730.306,11802.404,11846.434,11600.372,5216625253,138486706840,399333,15:00:03
sz399335,深证央企,5375.435,-39.420,-0.728,0.000,0.000,5414.855,5409.361,5431.642,5313.437,1878783743,39130097785,399335,15:00:03
sz399337,深证民营,7142.922,-23.131,-0.323,0.000,0.000,7166.053,7208.371,7236.229,7065.244,4204609331,159335202298,399337,15:00:03
sz399339,深证科技,9783.884,20.425,0.209,0.000,0.000,9763.459,9826.069,9876.768,9689.476,5213738445,158784146603,399339,15:00:03
sz399341,深证责任,2712.365,-20.065,-0.734,0.000,0.000,2732.430,2741.451,2757.907,2681.319,3913770691,117253274940,399341,15:00:03
sz399344,深证300R,8255.870,-21.574,-0.261,0.000,0.000,8277.444,8306.872,8337.521,8166.587,14977941184,355375078225,399344,15:00:03
sz399346,深证成长,5887.074,-53.102,-0.894,0.000,0.000,5940.176,5963.708,5988.717,5817.164,3369117439,129560967501,399346,15:00:03
sz399348,深证价值,8147.567,3.267,0.040,0.000,0.000,8144.300,8142.739,8190.231,8062.123,6393362644,76088022835,399348,15:00:03
sz399350,皖江30,2555.704,0.636,0.025,0.000,0.000,2555.068,2556.953,2588.079,2520.030,1163886677,24059606994,399350,15:01:54
sz399351,创新示范,11591.461,102.631,0.893,0.000,0.000,11488.830,11566.927,11636.368,11471.156,3888690032,100609685818,399351,15:01:54
sz399352,深企综指,10214.242,75.160,0.741,0.000,0.000,10139.082,10186.850,10238.352,10116.242,5643217856,123526604144,399352,15:01:54
sz399353,国证物流,2587.761,26.101,1.019,0.000,0.000,2561.660,2564.831,2592.394,2562.371,1846560125,17728824745,399353,15:01:54
sz399354,分析师指数,10170.998,1.201,0.012,0.000,0.000,10169.797,10199.720,10248.109,10065.949,7794487715,284416166182,399354,15:01:54
sz399355,长三角,4298.720,8.703,0.203,0.000,0.000,4290.017,4293.425,4316.379,4253.968,2417659628,57643451823,399355,15:01:54
sz399356,珠三角,13849.148,59.504,0.432,0.000,0.000,13789.644,13860.051,13957.885,13700.914,2788674495,95744184511,399356,15:01:54
sz399357,环渤海,3373.928,-5.260,-0.156,0.000,0.000,3379.188,3378.013,3387.417,3345.901,4865483643,56923535275,399357,15:01:54
sz399358,国证环保,5549.469,-23.874,-0.428,0.000,0.000,5573.343,5645.698,5645.970,5423.248,2961506646,75785036552,399358,15:01:54
sz399359,国证基建,2583.841,6.621,0.257,0.000,0.000,2577.220,2579.757,2587.636,2562.130,2150722489,19065639047,399359,15:01:54
sz399360,新硬件,4604.957,20.845,0.455,0.000,0.000,4584.112,4572.745,4645.751,4545.475,2753840788,55569155973,399360,15:01:54
sz399361,在线消费,4588.795,130.766,2.933,0.000,0.000,4458.029,4447.161,4617.292,4443.927,1588173727,21898263465,399361,15:01:54
sz399362,民企100,10682.802,-65.128,-0.606,0.000,0.000,10747.930,10809.821,10860.236,10560.762,5218367067,210017228961,399362,15:01:54
sz399363,云科技,5513.470,59.959,1.099,0.000,0.000,5453.511,5445.084,5548.704,5438.064,1738554393,58642865284,399363,15:01:54
sz399364,消费100,14135.920,-94.737,-0.666,0.000,0.000,14230.657,14282.914,14347.949,13973.521,6510347390,231390985097,399364,15:01:54
sz399365,国证农业,21711.635,-618.951,-2.772,0.000,0.000,22330.586,22339.777,22425.105,21467.250,1549961926,82082126238,399365,15:01:54
sz399366,国证大宗,2542.691,-0.719,-0.028,0.000,0.000,2543.410,2556.688,2561.430,2490.922,8748893563,92999826089,399366,15:01:54
sz399367,1000地产,5093.032,69.899,1.392,0.000,0.000,5023.133,5007.835,5106.315,4992.925,1403119527,12312528089,399367,15:01:54
sz399368,国证军工,9363.734,-227.425,-2.371,0.000,0.000,9591.159,9554.720,9599.608,9280.789,1707367542,48468473947,399368,15:01:54
sz399369,国证责任,2165.972,-2.273,-0.105,0.000,0.000,2168.245,2171.925,2189.192,2145.063,3490733310,86800446006,399369,15:01:54
sz399370,国证成长,6487.094,-49.676,-0.760,0.000,0.000,6536.770,6556.840,6580.355,6411.739,11546170709,315161743076,399370,15:01:54
sz399371,国证价值,6758.508,40.079,0.597,0.000,0.000,6718.429,6719.875,6758.508,6692.466,16057377327,157019440820,399371,15:01:54
sz399372,大盘成长,7211.799,-86.472,-1.185,0.000,0.000,7298.271,7324.619,7355.357,7123.117,3878679761,179232454393,399372,15:01:54
sz399373,大盘价值,8285.716,53.961,0.656,0.000,0.000,8231.755,8236.034,8292.521,8211.401,5210543581,72279732084,399373,15:01:54
sz399374,中盘成长,5890.294,1.921,0.033,0.000,0.000,5888.373,5901.957,5924.067,5810.367,2979336713,75893848416,399374,15:01:54
sz399375,中盘价值,5588.878,40.908,0.737,0.000,0.000,5547.970,5550.342,5600.000,5515.002,4984327678,44921262871,399375,15:01:54
sz399376,小盘成长,5925.250,22.898,0.388,0.000,0.000,5902.352,5909.778,5938.991,5824.644,4688154235,60035440268,399376,15:01:54
sz399377,小盘价值,6198.908,8.606,0.139,0.000,0.000,6190.302,6181.172,6218.628,6115.929,5862506068,39818445865,399377,15:01:54
sz399378,ESG 300,3363.811,-20.165,-0.596,0.000,0.000,3383.976,3392.889,3407.877,3329.522,12339071891,343667115029,399378,15:01:54
sz399379,国证基金,9092.227,-16.336,-0.179,0.000,0.000,9108.563,9118.556,9142.078,9028.947,26992217064,47857404146,399379,15:01:54
sz399380,国证ETF,1812.267,-3.536,-0.195,0.000,0.000,1815.803,1817.819,1822.707,1799.162,25609603235,45986477346,399380,15:01:54
sz399381,1000能源,1839.988,11.775,0.644,0.000,0.000,1828.213,1836.981,1845.620,1823.217,1535998773,10515305674,399381,15:01:54
sz399382,1000材料,3237.273,3.870,0.120,0.000,0.000,3233.403,3246.361,3255.601,3164.722,8700282076,105429475799,399382,15:01:54
sz399383,1000工业,3153.581,-23.642,-0.744,0.000,0.000,3177.223,3182.905,3195.947,3112.038,7231329469,120948761902,399383,15:01:54
sz399384,1000可选,5030.550,16.156,0.322,0.000,0.000,5014.394,5035.362,5072.199,4976.762,4375152353,76543790358,399384,15:01:54
sz399385,1000消费,18707.508,-515.500,-2.682,0.000,0.000,19223.008,19224.301,19308.105,18508.527,2306262969,101359629758,399385,15:01:54
sz399386,1000医药,11241.260,1.813,0.016,0.000,0.000,11239.447,11262.693,11392.429,11133.496,1531891084,69316136090,399386,15:01:54
sz399387,1000金融,5519.972,-2.245,-0.041,0.000,0.000,5522.217,5526.082,5572.432,5480.569,6545976921,91584897229,399387,15:01:54
sz399388,1000信息,5704.973,48.455,0.857,0.000,0.000,5656.518,5681.247,5728.004,5637.563,7258776887,160276780871,399388,15:01:54
sz399389,国证通信,3696.592,50.683,1.390,0.000,0.000,3645.909,3628.357,3738.833,3620.252,1323261038,22851262768,399389,15:01:54
sz399390,1000公用,2063.921,11.273,0.549,0.000,0.000,2052.648,2049.323,2073.577,2043.873,1354808538,8160292409,399390,15:01:54
sz399391,投资时钟,4327.468,-50.205,-1.147,0.000,0.000,4377.673,4386.197,4405.704,4275.435,5634725789,125542723789,399391,15:01:54
sz399392,国证新兴,3233.504,23.516,0.733,0.000,0.000,3209.988,3218.690,3233.504,3181.874,8409305486,222486551439,399392,15:01:54
sz399393,国证地产,5471.947,75.887,1.406,0.000,0.000,5396.060,5383.524,5487.611,5365.870,1475925781,13062837967,399393,15:01:54
sz399394,国证医药,17470.441,-0.043,-0.000,0.000,0.000,17470.484,17511.154,17724.377,17298.807,1206945018,65141693776,399394,15:01:54
sz399395,国证有色,5585.879,-1.661,-0.030,0.000,0.000,5587.540,5638.875,5642.333,5360.509,5140206253,54657270427,399395,15:01:54
sz399396,国证食品,37391.105,"-1,083.938",-2.817,0.000,0.000,38475.043,38458.902,38764.680,36977.289,917468803,71926348510,399396,15:01:54
sz399397,国证文化,2537.580,31.803,1.269,0.000,0.000,2505.777,2506.389,2558.038,2504.072,2465891561,48598255768,399397,15:01:54
sz399398,绩效指数,13523.857,-112.808,-0.827,0.000,0.000,13636.665,13652.639,13743.446,13398.085,2326473061,110448287897,399398,15:01:54
sz399399,中经GDP,9859.291,-8.391,-0.085,0.000,0.000,9867.682,9888.719,9925.355,9766.101,16942983174,327224837169,399399,15:01:54
sz399400,大中盘,4745.609,-14.591,-0.307,0.000,0.000,4760.200,4771.451,4789.899,4700.168,27329594503,599625441416,399400,15:01:54
sz399401,中小盘,4635.469,5.732,0.124,0.000,0.000,4629.737,4632.833,4659.841,4586.729,27463215001,377787256683,399401,15:01:54
sz399402,周期100,4070.092,19.707,0.487,0.000,0.000,4050.385,4069.803,4082.076,4020.080,9155227595,172472270429,399402,15:01:54
sz399403,防御100,12805.593,-257.573,-1.972,0.000,0.000,13063.166,13070.065,13130.975,12682.031,3076280551,135758378166,399403,15:01:54
sz399404,大盘低波,4786.655,14.571,0.305,0.000,0.000,4772.084,4771.135,4795.924,4759.031,4755902569,61858382719,399404,15:01:54
sz399405,大盘高贝,3223.287,-5.640,-0.175,0.000,0.000,3228.927,3239.516,3241.742,3191.376,5848285164,157660631785,399405,15:01:54
sz399406,中盘低波,11434.795,97.241,0.858,0.000,0.000,11337.554,11334.309,11483.707,11288.744,4331802022,38746591838,399406,15:01:54
sz399407,中盘高贝,3185.033,2.971,0.093,0.000,0.000,3182.062,3183.120,3207.022,3157.841,4322646859,94154174040,399407,15:01:54
sz399408,小盘低波,11348.522,58.451,0.518,0.000,0.000,11290.071,11280.008,11374.894,11165.681,4197872872,24065453551,399408,15:01:54
sz399409,小盘高贝,4448.572,19.254,0.435,0.000,0.000,4429.318,4425.941,4486.621,4381.311,4902897081,76491197819,399409,15:01:54
sz399410,苏州率先,2278.723,-6.751,-0.295,0.000,0.000,2285.474,2287.122,2299.311,2267.651,660707225,10514679038,399410,15:01:54
sz399411,红利100,3372.055,24.244,0.724,0.000,0.000,3347.811,3352.091,3378.129,3339.464,5262013125,79721380392,399411,15:01:54
sz399412,国证新能,3233.700,-21.503,-0.661,0.000,0.000,3255.203,3275.095,3275.555,3160.113,4785836736,127118667128,399412,15:01:54
sz399413,国证转债,138.741,-0.121,-0.087,0.000,0.000,138.862,139.070,139.254,138.282,386960231,72706371664,399413,15:01:54
sz399415,I100,8285.830,-43.472,-0.522,0.000,0.000,8329.302,8327.329,8364.882,8223.676,3252679335,168866477218,399415,15:01:54
sz399416,I300,4847.922,-16.818,-0.346,0.000,0.000,4864.740,4879.647,4898.619,4803.034,3993927972,131052057744,399416,15:01:54
sz399417,新能源车,3891.591,-1.480,-0.038,0.000,0.000,3893.071,3939.792,3939.792,3753.451,3198638663,85550281386,399417,15:01:54
sz399418,国证国安,4006.076,2.833,0.071,0.000,0.000,4003.243,4001.132,4035.932,3972.881,4532541303,107240502061,399418,15:01:54
sz399419,国证高铁,1690.532,-5.584,-0.329,0.000,0.000,1696.116,1691.551,1702.600,1672.944,1989073884,16505323141,399419,15:01:54
sz399420,国证保证,1582.719,-9.506,-0.597,0.000,0.000,1592.225,1592.048,1602.607,1572.081,2290738178,52721595527,399420,15:01:54
sz399422,中关村A,3478.645,36.537,1.061,0.000,0.000,3442.108,3441.119,3505.579,3433.972,6210603120,79355910416,399422,15:01:54
sz399423,中关村50,3393.375,45.784,1.368,0.000,0.000,3347.591,3350.361,3415.836,3350.361,2910406103,45388598460,399423,15:01:54
sz399427,专利领先,3380.704,-35.162,-1.029,0.000,0.000,3415.866,3422.842,3439.603,3341.348,3194467861,81062647258,399427,15:01:54
sz399428,国证定增,2888.736,-0.337,-0.012,0.000,0.000,2889.073,2897.672,2907.945,2848.612,4599358957,74137323536,399428,15:01:54
sz399429,新丝路,1530.642,-21.060,-1.357,0.000,0.000,1551.702,1555.350,1556.755,1520.838,3219764904,50711909076,399429,15:01:54
sz399431,国证银行,6747.049,37.729,0.562,0.000,0.000,6709.320,6723.914,6783.356,6678.701,2261042601,22534708455,399431,15:01:54
sz399432,智能汽车,6218.236,-80.701,-1.281,0.000,0.000,6298.937,6380.236,6382.329,6059.295,635918205,50677301428,399432,15:01:54
sz399433,国证交运,1880.738,15.234,0.817,0.000,0.000,1865.504,1868.402,1882.623,1859.894,1960962477,17696004502,399433,15:01:54
sz399434,国证传媒,2052.722,58.827,2.950,0.000,0.000,1993.895,2001.870,2070.899,2000.260,1443237437,9766837812,399434,15:01:54
sz399435,国证农牧,5836.886,-180.010,-2.992,0.000,0.000,6016.896,6023.430,6023.430,5796.964,1911852886,30279749664,399435,15:01:54
sz399436,国证煤炭,2578.115,3.752,0.146,0.000,0.000,2574.363,2589.870,2605.650,2548.403,1239496331,8788392391,399436,15:01:54
sz399437,证券龙头,7107.548,-50.649,-0.708,0.000,0.000,7158.197,7160.104,7210.576,7068.647,2098429291,39646455135,399437,15:01:54
sz399438,国证电力,1824.836,6.708,0.369,0.000,0.000,1818.128,1813.983,1833.669,1806.689,1612780861,9060075614,399438,15:01:54
sz399439,国证油气,1118.384,8.186,0.737,0.000,0.000,1110.198,1112.706,1120.667,1109.152,647487088,2795031231,399439,15:01:54
sz399440,国证钢铁,1241.982,9.766,0.793,0.000,0.000,1232.216,1226.902,1242.223,1206.403,1720265101,8164128694,399440,15:01:54
sz399441,生物医药,5686.717,35.270,0.624,0.000,0.000,5651.447,5670.491,5751.029,5617.324,451137621,29216632559,399441,15:01:54
sz399481,企债指数,127.530,0.006,0.005,0.000,0.000,127.524,127.524,127.533,127.524,7118165,674844048,399481,15:01:54
sz399550,央视50,9370.808,-21.802,-0.232,0.000,0.000,9392.610,9404.274,9459.922,9294.454,2598951088,95818169226,399550,15:01:54
sz399551,央视创新,10210.963,111.728,1.106,0.000,0.000,10099.235,10118.653,10217.096,10058.427,2655299360,58384637746,399551,15:01:54
sz399552,央视成长,11034.362,-50.007,-0.451,0.000,0.000,11084.369,11096.748,11144.305,10913.000,3684140495,108120314435,399552,15:01:54
sz399553,央视回报,10686.742,-44.822,-0.418,0.000,0.000,10731.564,10765.091,10831.538,10571.635,1472743392,75006995521,399553,15:01:54
sz399554,央视治理,9281.307,40.000,0.433,0.000,0.000,9241.307,9268.661,9314.190,9184.745,3925981706,89079617589,399554,15:01:54
sz399555,央视责任,5971.492,14.966,0.251,0.000,0.000,5956.526,5969.242,5998.226,5911.416,4084954509,83706616973,399555,15:01:54
sz399556,央视生态,2991.239,1.121,0.037,0.000,0.000,2990.118,3018.435,3023.531,2917.801,2565862529,73840052223,399556,15:01:54
sz399557,央视文化,2211.181,16.736,0.763,0.000,0.000,2194.445,2196.689,2237.478,2191.150,2556398028,48842977329,399557,15:01:54
sz399602,中小成长,1634.238,2.337,0.143,0.000,0.000,1631.901,1639.532,1644.434,1609.511,3516533135,84156227912,399602,15:00:03
sz399604,中小价值,2191.863,-6.587,-0.300,0.000,0.000,2198.450,2209.569,2216.429,2173.897,2720167719,43886799148,399604,15:00:03
sz399606,创业板R,3344.620,-12.333,-0.367,0.000,0.000,3356.953,3374.964,3390.888,3307.693,2649036797,108883268570,399606,15:00:03
sz399608,科技100,4054.225,-7.102,-0.175,0.000,0.000,4061.327,4079.987,4091.223,4001.154,3553003841,120659336611,399608,15:00:03
sz399610,TMT50,7905.038,95.622,1.224,0.000,0.000,7809.416,7851.468,7921.017,7799.412,4231763161,92316438278,399610,15:00:03
sz399611,中创100R,3534.355,-14.333,-0.404,0.000,0.000,3548.688,3573.512,3588.108,3499.579,4876043202,184809088981,399611,15:00:03
sz399612,中创100,3175.646,-12.879,-0.404,0.000,0.000,3188.525,3210.830,3223.944,3144.401,4876043202,184809088981,399612,15:00:03
sz399613,深证能源,2778.499,-9.770,-0.350,0.000,0.000,2788.269,2806.143,2809.587,2746.481,440836778,3305959773,399613,15:00:03
sz399614,深证材料,3676.829,-24.967,-0.674,0.000,0.000,3701.796,3705.070,3717.979,3590.583,3960875438,59926640044,399614,15:00:03
sz399615,深证工业,4095.804,-63.929,-1.537,0.000,0.000,4159.733,4179.366,4193.668,4048.796,3035903653,67830265381,399615,15:00:03
sz399616,深证可选,7903.904,91.195,1.167,0.000,0.000,7812.709,7873.344,7949.730,7765.763,2197146213,40320891825,399616,15:00:03
sz399617,深证消费,20250.252,-622.723,-2.983,0.000,0.000,20872.975,20895.279,20934.004,20070.822,728731515,39094438098,399617,15:00:03
sz399618,深证医药,18201.504,41.106,0.226,0.000,0.000,18160.398,18229.400,18458.240,18012.660,825121421,45097700393,399618,15:00:03
sz399619,深证金融,7458.013,-34.472,-0.460,0.000,0.000,7492.485,7479.293,7533.486,7389.467,1651925381,27487700414,399619,15:00:03
sz399620,深证信息,5196.352,64.121,1.249,0.000,0.000,5132.231,5155.066,5209.467,5129.369,5663510648,111220139062,399620,15:00:03
sz399621,深证电信,3449.865,68.646,2.030,0.000,0.000,3381.219,3384.065,3502.651,3379.379,424640756,12132478217,399621,15:00:03
sz399622,深证公用,1685.629,-9.225,-0.544,0.000,0.000,1694.854,1683.788,1703.064,1658.343,710203621,4301784421,399622,15:00:03
sz399623,中小基础,9798.599,-4.622,-0.047,0.000,0.000,9803.221,9839.812,9867.466,9692.059,12140160128,211004337141,399623,15:00:03
sz399624,中创400,2240.143,5.522,0.247,0.000,0.000,2234.621,2233.767,2256.799,2210.711,10181801146,150439079747,399624,15:00:03
sz399625,中创500,2495.673,-3.720,-0.149,0.000,0.000,2499.393,2509.654,2517.779,2469.231,15057844348,335248168729,399625,15:00:03
sz399626,中创成长,2309.854,-7.034,-0.304,0.000,0.000,2316.888,2329.574,2337.614,2282.142,4240714591,125537597569,399626,15:00:03
sz399627,中创价值,2499.511,-4.929,-0.197,0.000,0.000,2504.440,2514.127,2522.744,2475.889,5657058201,88067503408,399627,15:00:03
sz399628,700成长,2004.929,-1.359,-0.068,0.000,0.000,2006.288,2004.194,2021.820,1975.761,3320053666,50561742636,399628,15:00:03
sz399629,700价值,2333.512,-3.049,-0.130,0.000,0.000,2336.561,2332.498,2345.832,2293.540,4977361642,41918726601,399629,15:00:03
sz399630,1000成长,2113.928,-13.734,-0.645,0.000,0.000,2127.662,2134.204,2140.958,2090.282,8014374964,202983374853,399630,15:00:03
sz399631,1000价值,2494.375,-1.180,-0.047,0.000,0.000,2495.555,2494.472,2504.311,2472.106,11701067210,130411226148,399631,15:00:03
sz399632,深100EW,6886.077,0.918,0.013,0.000,0.000,6885.159,6900.807,6929.501,6805.449,6967755896,235007322128,399632,15:00:03
sz399633,深300EW,6718.174,31.048,0.464,0.000,0.000,6687.126,6694.823,6743.778,6639.984,14977941184,355375078225,399633,15:00:03
sz399634,中小板EW,4803.821,11.357,0.237,0.000,0.000,4792.464,4804.927,4826.320,4749.722,5216625253,138486706840,399634,15:00:03
sz399635,创业板EW,2505.679,12.972,0.520,0.000,0.000,2492.707,2495.835,2526.555,2478.765,2649036797,108883268570,399635,15:00:03
sz399636,深证装备,5273.475,-43.053,-0.810,0.000,0.000,5316.528,5337.666,5339.150,5193.666,3135381017,69270200654,399636,15:00:03
sz399637,深证地产,3694.001,50.140,1.376,0.000,0.000,3643.861,3631.018,3716.087,3605.953,710583779,6503462367,399637,15:00:03
sz399638,深证环保,6509.850,-0.673,-0.010,0.000,0.000,6510.523,6602.712,6605.683,6287.161,2817932142,57790270371,399638,15:00:03
sz399639,深证大宗,2537.330,-24.932,-0.973,0.000,0.000,2562.262,2570.516,2572.430,2491.656,3009733275,35670582169,399639,15:00:03
sz399640,创业基础,2588.602,-6.239,-0.240,0.000,0.000,2594.841,2604.151,2613.900,2562.869,6358538594,148772891032,399640,15:00:03
sz399641,深证新兴,2982.021,3.073,0.103,0.000,0.000,2978.948,2991.125,3005.113,2943.119,10262542773,239220797880,399641,15:00:03
sz399642,中小新兴,2415.511,9.136,0.380,0.000,0.000,2406.375,2421.625,2429.315,2375.724,4835397844,108730888352,399642,15:00:03
sz399643,创业新兴,3649.236,-14.315,-0.391,0.000,0.000,3663.551,3684.287,3702.828,3606.217,2596356731,89810190538,399643,15:00:03
sz399644,深证时钟,5303.557,-80.756,-1.500,0.000,0.000,5384.313,5396.807,5406.836,5231.230,4573499586,87625013237,399644,15:00:03
sz399645,100低波,12141.693,-65.561,-0.537,0.000,0.000,12207.254,12211.085,12275.080,12021.595,2235827308,89024654114,399645,15:00:03
sz399646,深消费50,12769.316,-153.093,-1.185,0.000,0.000,12922.409,12972.204,13013.492,12635.654,2447777351,76551975390,399646,15:00:03
sz399647,深医药50,17709.328,46.740,0.265,0.000,0.000,17662.588,17730.432,17948.166,17526.664,884986195,45701201562,399647,15:00:03
sz399648,深证GDP,10470.206,17.708,0.169,0.000,0.000,10452.498,10462.808,10497.884,10362.709,6581120276,148002492878,399648,15:00:03
sz399649,中小红利,4128.964,-11.366,-0.275,0.000,0.000,4140.330,4152.854,4176.299,4101.758,1790482886,39441691200,399649,15:00:03
sz399650,中小治理,3565.415,-28.446,-0.792,0.000,0.000,3593.861,3605.668,3632.254,3536.656,1350364748,43675493031,399650,15:00:03
sz399651,中小责任,2681.823,-4.928,-0.183,0.000,0.000,2686.751,2704.351,2735.172,2659.930,1569574017,48039806026,399651,15:00:03
sz399652,中创高新,3413.509,15.348,0.452,0.000,0.000,3398.161,3397.485,3440.622,3388.547,801625657,21757573723,399652,15:00:03
sz399653,深证龙头,3956.076,-24.129,-0.606,0.000,0.000,3980.205,4003.652,4022.264,3908.006,4358809898,142013609320,399653,15:00:03
sz399654,深证文化,2922.753,77.898,2.738,0.000,0.000,2844.855,2848.771,2938.415,2844.974,3011210428,40621012899,399654,15:00:03
sz399655,深证绩效,13275.256,-49.653,-0.373,0.000,0.000,13324.909,13355.577,13429.100,13162.157,2011212712,82291748017,399655,15:00:03
sz399656,100绩效,9229.212,-27.574,-0.298,0.000,0.000,9256.786,9276.062,9322.040,9138.039,6967755896,235007322128,399656,15:00:03
sz399657,300绩效,8599.139,15.474,0.180,0.000,0.000,8583.665,8596.878,8646.316,8516.796,14977941184,355375078225,399657,15:00:03
sz399658,中小绩效,6031.615,32.664,0.544,0.000,0.000,5998.951,6012.264,6066.457,5955.808,5216625253,138486706840,399658,15:00:03
sz399659,深成指EW,4537.974,15.604,0.345,0.000,0.000,4522.370,4524.270,4564.198,4486.121,20179399666,415957969209,399659,15:00:03
sz399660,中创EW,3438.852,3.098,0.090,0.000,0.000,3435.754,3449.815,3462.394,3407.470,4876043202,184809088981,399660,15:00:03
sz399661,深证低波,6018.765,11.352,0.189,0.000,0.000,6007.413,6005.279,6041.456,5962.402,4310526428,88197754705,399661,15:00:03
sz399662,深证高贝,2476.373,14.608,0.593,0.000,0.000,2461.765,2471.489,2480.867,2437.454,6859672160,169357109884,399662,15:00:03
sz399663,中小低波,1657.191,2.470,0.149,0.000,0.000,1654.721,1653.627,1668.551,1638.464,2543762129,42610999707,399663,15:00:03
sz399664,中小高贝,1250.576,4.907,0.394,0.000,0.000,1245.669,1247.941,1254.399,1232.704,4684136275,103983561808,399664,15:00:03
sz399665,中创低波,1955.744,7.344,0.377,0.000,0.000,1948.400,1946.115,1969.267,1933.033,5386478406,102700747441,399665,15:00:03
sz399666,中创高贝,1686.777,8.443,0.503,0.000,0.000,1678.334,1679.597,1701.016,1659.957,6085340693,174567192406,399666,15:00:03
sz399667,创业板G,4858.141,-42.181,-0.861,0.000,0.000,4900.322,4937.009,4960.383,4802.639,1454979104,62373108568,399667,15:00:03
sz399668,创业板V,3370.325,-20.598,-0.607,0.000,0.000,3390.923,3397.221,3409.549,3341.747,2660714614,47597745144,399668,15:00:03
sz399669,深证农业,15587.340,-448.536,-2.797,0.000,0.000,16035.876,16052.909,16082.422,15453.247,1672085040,52467849113,399669,15:00:03
sz399670,深周期50,4808.358,3.351,0.070,0.000,0.000,4805.007,4840.150,4862.135,4741.756,4188381910,93334829270,399670,15:00:03
sz399671,深防御50,12192.488,-195.658,-1.579,0.000,0.000,12388.146,12415.985,12463.548,12080.685,1835015439,73366080298,399671,15:00:03
sz399672,深红利50,4690.319,1.386,0.030,0.000,0.000,4688.933,4690.615,4713.658,4642.730,1518686668,35344441297,399672,15:00:03
sz399673,创业板50,3048.985,-11.070,-0.362,0.000,0.000,3060.055,3083.222,3099.000,3006.315,2000162806,80261515000,399673,15:00:03
sz399674,深A医药,3288.957,8.450,0.258,0.000,0.000,3280.507,3287.319,3317.814,3259.321,1813567776,56513973129,399674,15:00:03
sz399675,深互联网,3115.664,80.137,2.640,0.000,0.000,3035.527,3037.013,3146.910,3029.782,2735382648,34103264100,399675,15:00:03
sz399676,深医药EW,3366.043,10.642,0.317,0.000,0.000,3355.401,3345.682,3389.823,3312.606,1813567776,56513973129,399676,15:00:03
sz399677,深互联EW,3516.283,75.770,2.202,0.000,0.000,3440.513,3437.636,3556.396,3391.804,2735382648,34103264100,399677,15:00:03
sz399678,深次新股,1196.451,-6.098,-0.507,0.000,0.000,1202.549,1198.391,1204.459,1180.906,398432504,22820310556,399678,15:00:03
sz399679,深证200R,5982.482,31.962,0.537,0.000,0.000,5950.520,5959.023,6017.661,5909.364,8010185288,120367756097,399679,15:00:03
sz399680,深成能源,656.183,-2.068,-0.314,0.000,0.000,658.251,664.514,664.898,650.253,358714024,2930164487,399680,15:00:03
sz399681,深成材料,1311.413,-6.061,-0.460,0.000,0.000,1317.474,1320.272,1325.951,1279.925,3381221348,47886916036,399681,15:00:03
sz399682,深成工业,1874.605,-29.157,-1.532,0.000,0.000,1903.762,1914.795,1922.764,1851.666,2289134480,59173043344,399682,15:00:03
sz399683,深成可选,2399.144,13.337,0.559,0.000,0.000,2385.807,2395.535,2413.851,2365.875,2251317607,40500638618,399683,15:00:03
sz399684,深成消费,4186.945,-128.988,-2.989,0.000,0.000,4315.933,4318.688,4320.742,4134.204,1357701115,53144848152,399684,15:00:03
sz399685,深成医药,3548.193,8.968,0.253,0.000,0.000,3539.225,3551.271,3592.985,3512.140,1021870955,48155871492,399685,15:00:03
sz399686,深成金融,2292.243,-14.325,-0.621,0.000,0.000,2306.568,2302.890,2314.471,2269.254,1970260876,29683574750,399686,15:00:03
sz399687,深成信息,3436.858,42.462,1.251,0.000,0.000,3394.396,3409.384,3445.673,3392.835,6000105660,114024876696,399687,15:00:03
sz399688,深成电信,1742.962,39.846,2.340,0.000,0.000,1703.116,1704.787,1776.588,1701.742,340655141,10731634123,399688,15:00:03
sz399689,深成公用,938.568,-5.664,-0.600,0.000,0.000,944.232,936.373,948.702,924.648,541802925,3469167371,399689,15:00:03
sz399690,中小专利,2264.907,-6.077,-0.268,0.000,0.000,2270.984,2273.940,2282.461,2235.581,757200947,22811911247,399690,15:00:03
sz399691,创业专利,2637.816,-24.474,-0.919,0.000,0.000,2662.290,2646.294,2675.356,2603.270,702507228,14937511594,399691,15:00:03
sz399692,创业低波,3257.999,17.826,0.550,0.000,0.000,3240.173,3236.731,3287.642,3208.695,1256576761,34841554569,399692,15:00:03
sz399693,安防产业,3873.503,61.812,1.622,0.000,0.000,3811.691,3808.465,3921.447,3778.320,1110678122,23704181510,399693,15:00:03
sz399694,创业高贝,2880.804,23.321,0.816,0.000,0.000,2857.483,2859.027,2916.488,2819.163,2374729542,65627028400,399694,15:00:03
sz399695,深证节能,2513.647,1.631,0.065,0.000,0.000,2512.016,2512.855,2520.194,2456.082,3187093526,55432659119,399695,15:00:03
sz399696,深证创投,3232.337,21.975,0.685,0.000,0.000,3210.362,3226.341,3232.337,3166.572,3215701047,53444406426,399696,15:00:03
sz399697,中关村60,4389.899,59.098,1.365,0.000,0.000,4330.801,4338.825,4442.013,4336.953,1762966036,22720889698,399697,15:00:03
sz399698,优势成长,22532.637,-23.888,-0.106,0.000,0.000,22556.525,22519.762,22683.848,22234.328,1565762561,9255250776,399698,15:00:03
sz399699,金融科技,3921.365,55.511,1.436,0.000,0.000,3865.854,3862.851,3947.940,3838.316,2030653297,43367824708,399699,15:01:54
sz399701,深证F60,11070.757,15.201,0.137,0.000,0.000,11055.556,11078.407,11123.602,10941.213,5740451733,125794669609,399701,15:00:03
sz399702,深证F120,9629.268,15.933,0.166,0.000,0.000,9613.335,9631.364,9665.426,9527.721,7952058722,163620400040,399702,15:00:03
sz399703,深证F200,9052.396,14.484,0.160,0.000,0.000,9037.912,9053.172,9082.946,8965.714,11632971406,228935532537,399703,15:00:03
sz399704,深证上游,4504.577,-71.041,-1.553,0.000,0.000,4575.618,4604.051,4604.051,4372.857,2020829190,22991434305,399704,15:00:03
sz399705,深证中游,3848.933,-13.210,-0.342,0.000,0.000,3862.143,3878.856,3894.524,3796.754,7247216245,164092673113,399705,15:00:03
sz399706,深证下游,9897.950,-57.938,-0.582,0.000,0.000,9955.888,9989.491,10042.842,9781.343,3824970070,135318393226,399706,15:00:03
sz399707,CSSW证券,7125.469,-43.770,-0.611,0.000,0.000,7169.239,7166.037,7242.947,7107.366,3064670035,41231287105,399707,15:01:54
sz399802,500深市,6042.863,31.994,0.532,0.000,0.000,6010.869,6011.915,6079.082,5957.027,10208187031,116655414691,399802,15:00:03
sz399803,工业4.0,4968.759,-7.663,-0.154,0.000,0.000,4976.422,4991.442,5009.545,4906.652,2706667498,91325227836,399803,15:01:54
sz399804,中证体育,1830.083,51.964,2.922,0.000,0.000,1778.119,1769.861,1860.228,1762.443,692960842,11868154906,399804,15:01:54
sz399805,互联金融,2805.490,47.413,1.719,0.000,0.000,2758.077,2756.797,2824.854,2742.280,3110562637,52213503044,399805,15:01:54
sz399806,环境治理,1343.264,22.564,1.708,0.000,0.000,1320.700,1320.466,1346.627,1298.005,1394165561,10629381361,399806,15:01:54
sz399807,高铁产业,1292.111,-9.527,-0.732,0.000,0.000,1301.638,1293.706,1298.305,1283.950,932194967,7843519154,399807,15:01:54
sz399808,中证新能,3381.829,-66.025,-1.915,0.000,0.000,3447.854,3482.505,3482.674,3310.254,5179204260,115409272153,399808,15:01:54
sz399809,保险主题,2478.869,-4.741,-0.191,0.000,0.000,2483.610,2482.946,2497.103,2453.978,1401824333,25177094758,399809,15:01:54
sz399810,CSSW传媒,3116.375,88.555,2.925,0.000,0.000,3027.820,3026.158,3144.013,3009.071,1382437901,21681469773,399810,15:01:54
sz399811,CSSW电子,4415.112,25.347,0.577,0.000,0.000,4389.765,4400.594,4428.928,4364.984,4287188940,98547923099,399811,15:01:54
sz399812,养老产业,9768.820,87.457,0.903,0.000,0.000,9681.363,9673.205,9823.282,9672.004,2396305171,93601192244,399812,15:01:54
sz399813,中证国安,6558.003,-4.571,-0.070,0.000,0.000,6562.574,6542.869,6644.487,6495.495,3152720251,87093866214,399813,15:01:54
sz399814,大农业,1926.788,-36.411,-1.855,0.000,0.000,1963.199,1966.558,1971.827,1912.498,1759139530,38964146016,399814,15:01:54
sz399817,生态100,1048.299,21.576,2.101,0.000,0.000,1026.723,1027.602,1049.403,1011.294,1837072310,13284429254,399817,15:01:54
sz399901,小康指数,5810.105,74.693,1.302,0.000,0.000,5735.412,5745.051,5810.105,5726.428,8300958900,144368191143,399901,15:00:39
sz399903,中证100,5652.076,-31.895,-0.561,0.000,0.000,5683.971,5699.881,5724.256,5595.610,9527048400,256628394267,399903,15:00:39
sz399904,中证 200,5793.135,8.643,0.149,0.000,0.000,5784.492,5791.624,5810.564,5716.958,10905447300,216939259711,399904,15:00:39
sz399905,中证 500,6557.596,19.480,0.298,0.000,0.000,6538.116,6541.558,6598.381,6484.398,18083742900,207113827944,399905,15:01:06
sz399913,300 医药,17863.158,-29.088,-0.163,0.000,0.000,17892.246,17942.734,18167.945,17667.348,621437000,41286677562,399913,15:00:39
sz399914,300 金融,7012.994,7.160,0.102,0.000,0.000,7005.834,7010.679,7073.491,6959.875,5610912300,89869473509,399914,15:00:39
sz399918,300 成长,7819.477,-68.995,-0.875,0.000,0.000,7888.472,7910.943,7946.035,7737.770,4521077000,207526473859,399918,15:00:33
sz399928,中证能源,1623.956,15.355,0.955,0.000,0.000,1608.601,1618.733,1630.070,1608.292,1106684600,7745866678,399928,15:00:39
sz399932,中证消费,29759.559,-849.636,-2.776,0.000,0.000,30609.195,30615.246,30754.182,29485.873,2008066700,84626982208,399932,15:00:39
sz399933,中证医药,15803.199,35.909,0.228,0.000,0.000,15767.290,15790.157,15977.776,15653.533,1324467400,57898685118,399933,15:00:39
sz399934,中证金融,6640.961,6.089,0.092,0.000,0.000,6634.872,6637.510,6695.392,6594.249,7312165600,101075839735,399934,15:00:39
sz399935,中证信息,5990.010,86.778,1.470,0.000,0.000,5903.232,5920.739,6009.040,5915.356,5015987700,109654677842,399935,15:01:06
sz399944,内地资源,2954.361,11.085,0.377,0.000,0.000,2943.276,2970.294,2973.592,2854.976,4866131000,48738112340,399944,15:00:39
sz399958,创业成长,1871.165,-7.655,-0.407,0.000,0.000,1878.820,1889.561,1889.610,1847.073,1186421900,54664257578,399958,15:00:39
sz399959,军工指数,1981.478,-56.818,-2.788,0.000,0.000,2038.296,2027.731,2038.626,1944.710,1277714035,40904302756,399959,15:01:54
sz399965,800地产,5758.133,75.883,1.335,0.000,0.000,5682.250,5665.759,5775.998,5644.770,1126624215,10579940255,399965,15:01:54
sz399966,800非银,7107.350,-46.373,-0.648,0.000,0.000,7153.723,7149.931,7200.995,7068.920,3733794839,67121949430,399966,15:01:54
sz399967,中证军工,14207.155,-389.669,-2.670,0.000,0.000,14596.824,14528.479,14609.172,13989.172,1480738792,45805841243,399967,15:01:54
sz399970,移动互联,3911.689,21.740,0.559,0.000,0.000,3889.949,3896.033,3923.978,3861.583,4836952068,138540879832,399970,15:01:54
sz399971,中证传媒,1375.394,52.500,3.969,0.000,0.000,1322.894,1321.332,1385.626,1321.280,1893887578,21646164136,399971,15:01:54
sz399972,300深市,7625.202,-34.317,-0.448,0.000,0.000,7659.519,7686.904,7715.563,7540.226,7911811612,228259432761,399972,15:00:03
sz399973,中证国防,2432.781,-75.474,-3.009,0.000,0.000,2508.255,2498.030,2513.663,2395.298,991708881,39593984530,399973,15:01:54
sz399974,国企改革,2125.330,2.485,0.117,0.000,0.000,2122.845,2127.136,2134.991,2102.066,6071744761,160395919479,399974,15:01:54
sz399975,证券公司,925.877,-7.668,-0.821,0.000,0.000,933.545,933.250,940.315,922.265,3636900434,54188213875,399975,15:01:54
sz399976,CS新能车,4436.943,-41.890,-0.935,0.000,0.000,4478.833,4534.421,4535.833,4297.218,1610622487,62310778947,399976,15:01:54
sz399982,500等权,7418.906,34.880,0.472,0.000,0.000,7384.026,7382.717,7462.607,7327.560,18083742900,207113827944,399982,15:01:06
sz399983,地产等权,6300.628,76.650,1.232,0.000,0.000,6223.978,6189.276,6320.482,6176.926,530621880,7077385923,399983,15:01:54
sz399986,中证银行,6574.854,28.353,0.433,0.000,0.000,6546.501,6556.390,6609.795,6512.550,2471200009,23466841782,399986,15:01:54
sz399987,中证酒,10810.839,-318.332,-2.860,0.000,0.000,11129.171,11128.193,11242.800,10690.995,613796775,57074294651,399987,15:01:54
sz399989,中证医疗,17098.818,20.209,0.118,0.000,0.000,17078.609,17110.650,17364.723,16910.428,570472728,31722144798,399989,15:01:54
sz399990,煤炭等权,1888.326,-31.005,-1.615,0.000,0.000,1919.331,1919.438,1931.607,1878.078,1431235851,9727891835,399990,15:01:54
sz399991,一带一路,1842.023,9.174,0.501,0.000,0.000,1832.849,1833.021,1842.110,1817.734,5823105020,66950361347,399991,15:01:54
sz399992,CSWD并购,1739.707,8.941,0.517,0.000,0.000,1730.766,1729.586,1749.910,1701.771,1334766270,15481892817,399992,15:01:54
sz399993,CSWD生科,5657.953,55.415,0.989,0.000,0.000,5602.538,5621.675,5706.812,5589.648,445108080,28139838823,399993,15:01:54
sz399994,信息安全,1948.860,33.878,1.769,0.000,0.000,1914.982,1911.009,1972.118,1910.938,2075625878,46182557353,399994,15:01:54
sz399995,基建工程,3454.708,9.351,0.271,0.000,0.000,3445.357,3440.847,3467.331,3410.472,1328111221,7222877157,399995,15:01:54
sz399996,智能家居,3235.500,46.885,1.470,0.000,0.000,3188.615,3188.347,3262.693,3188.277,4428318288,87041456824,399996,15:01:54
sz399997,中证白酒,19865.322,-665.387,-3.241,0.000,0.000,20530.709,20517.521,20739.422,19645.416,407994963,52524453959,399997,15:01:54
sz399998,中证煤炭,1366.425,-6.662,-0.485,0.000,0.000,1373.087,1378.347,1390.551,1352.918,1431235851,9727891835,399998,15:01:54
sz980001,,1766.100,13.954,0.796,0.000,0.000,1752.146,1763.338,1772.478,1749.736,4093679008,140532753565,980001,16:11:01
sz980017,,9631.220,-26.637,-0.276,0.000,0.000,9657.857,9656.656,9672.435,9491.084,822011267,37622472094,980017,15:01:02
sz980023,,3058.532,38.701,1.282,0.000,0.000,3019.831,3026.868,3069.957,3026.858,991967351,32213631253,980023,16:11:01
sz980068,,2114.183,-12.702,-0.597,0.000,0.000,2126.885,2122.154,2122.654,2090.138,1750499638,14051442523,980068,16:11:01
